Filename,Processing Time (min),Clustering Error,MINSIZE
PRO_dihedrals.csv,0.102,1572490.000,7
PRO_dihedrals.csv,0.080,1455993.750,10
PRO_dihedrals.csv,0.082,1504327.000,15
ARG_dihedrals.csv,0.098,1718149.000,7
ARG_dihedrals.csv,0.082,1763729.750,10
ARG_dihedrals.csv,0.084,1824082.000,15
ILE_dihedrals.csv,0.100,1657421.125,7
ILE_dihedrals.csv,0.078,1692979.750,10
ILE_dihedrals.csv,0.084,1566624.875,15
ASN_dihedrals.csv,0.092,1599247.875,7
ASN_dihedrals.csv,0.077,1703748.000,10
ASN_dihedrals.csv,0.078,2455865.250,15
CYS_dihedrals.csv,0.095,1713932.375,7
CYS_dihedrals.csv,0.076,1672610.000,10
CYS_dihedrals.csv,0.077,1718667.625,15
LYS_dihedrals.csv,0.093,1776474.125,7
LYS_dihedrals.csv,0.075,1406032.000,10
LYS_dihedrals.csv,0.076,1721996.250,15
TYR_dihedrals.csv,0.092,1606300.125,7
TYR_dihedrals.csv,0.074,1659779.125,10
TYR_dihedrals.csv,0.074,1503990.750,15
GLY_dihedrals.csv,0.092,2456996.250,7
GLY_dihedrals.csv,0.074,2633872.250,10
GLY_dihedrals.csv,0.073,2485285.000,15
ALA_dihedrals.csv,0.090,1619622.625,7
ALA_dihedrals.csv,0.073,1414215.000,10
ALA_dihedrals.csv,0.075,1664795.625,15
HIS_dihedrals.csv,0.089,1714685.750,7
HIS_dihedrals.csv,0.076,1709088.375,10
HIS_dihedrals.csv,0.074,1732818.750,15
LEU_dihedrals.csv,0.090,1720676.000,7
LEU_dihedrals.csv,0.076,1460310.125,10
LEU_dihedrals.csv,0.073,1632773.625,15
VAL_dihedrals.csv,0.091,1652801.500,7
VAL_dihedrals.csv,0.074,1650839.625,10
VAL_dihedrals.csv,0.074,1598036.250,15
SER_dihedrals.csv,0.089,1322171.125,7
SER_dihedrals.csv,0.076,1562124.375,10
SER_dihedrals.csv,0.073,1325004.750,15
PHE_dihedrals.csv,0.089,1824706.875,7
PHE_dihedrals.csv,0.074,1745825.000,10
PHE_dihedrals.csv,0.075,1790668.625,15
GLN_dihedrals.csv,0.088,1468365.125,7
GLN_dihedrals.csv,0.074,1519947.250,10
GLN_dihedrals.csv,0.076,1432456.500,15
GLU_dihedrals.csv,0.088,1444459.625,7
GLU_dihedrals.csv,0.074,1526874.125,10
GLU_dihedrals.csv,0.075,1737974.500,15
ASP_dihedrals.csv,0.088,1650884.250,7
ASP_dihedrals.csv,0.073,1745797.250,10
ASP_dihedrals.csv,0.062,1709898.000,15
MET_dihedrals.csv,0.073,1614122.000,7
MET_dihedrals.csv,0.060,1591430.750,10
MET_dihedrals.csv,0.058,1838043.625,15
THR_dihedrals.csv,0.071,1406568.000,7
THR_dihedrals.csv,0.057,1659648.000,10
THR_dihedrals.csv,0.058,1475992.000,15
TRP_dihedrals.csv,0.072,1591875.875,7
TRP_dihedrals.csv,0.059,1726985.875,10
TRP_dihedrals.csv,0.057,1657088.375,15
