Filename,Processing Time (min),Quantization Error,MinSize,C
PRO_dihedrals.csv,4.048,64211.534,7,3
PRO_dihedrals.csv,4.080,37576.828,7,10
PRO_dihedrals.csv,3.645,38223.865,7,20
PRO_dihedrals.csv,3.646,77550.284,10,3
PRO_dihedrals.csv,3.633,44630.513,10,10
PRO_dihedrals.csv,3.643,39564.477,10,20
PRO_dihedrals.csv,3.641,85543.634,15,3
PRO_dihedrals.csv,3.627,54617.780,15,10
PRO_dihedrals.csv,3.637,51320.907,15,20
ARG_dihedrals.csv,3.638,90644.591,7,3
ARG_dihedrals.csv,4.198,58995.801,7,10
ARG_dihedrals.csv,4.711,52992.666,7,20
ARG_dihedrals.csv,4.132,113767.361,10,3
ARG_dihedrals.csv,4.145,71630.349,10,10
ARG_dihedrals.csv,4.656,58355.883,10,20
ARG_dihedrals.csv,4.731,125503.865,15,3
ARG_dihedrals.csv,4.576,83240.507,15,10
ARG_dihedrals.csv,3.899,71516.983,15,20
ILE_dihedrals.csv,3.995,81722.707,7,3
ILE_dihedrals.csv,3.802,48188.679,7,10
ILE_dihedrals.csv,3.617,45356.566,7,20
ILE_dihedrals.csv,3.582,101629.620,10,3
ILE_dihedrals.csv,3.593,53195.542,10,10
ILE_dihedrals.csv,3.583,52136.686,10,20
ILE_dihedrals.csv,3.580,114925.071,15,3
ILE_dihedrals.csv,3.587,67888.413,15,10
ILE_dihedrals.csv,3.602,62765.856,15,20
ASN_dihedrals.csv,3.581,111011.078,7,3
ASN_dihedrals.csv,3.592,69209.013,7,10
ASN_dihedrals.csv,3.590,63159.082,7,20
ASN_dihedrals.csv,3.588,139234.855,10,3
ASN_dihedrals.csv,3.587,77776.430,10,10
ASN_dihedrals.csv,3.596,63747.274,10,20
ASN_dihedrals.csv,3.602,155862.347,15,3
ASN_dihedrals.csv,3.603,96267.695,15,10
ASN_dihedrals.csv,3.604,82618.394,15,20
CYS_dihedrals.csv,3.603,103834.276,7,3
CYS_dihedrals.csv,3.612,62204.716,7,10
CYS_dihedrals.csv,3.616,62716.599,7,20
CYS_dihedrals.csv,3.612,127476.294,10,3
CYS_dihedrals.csv,3.630,66361.207,10,10
CYS_dihedrals.csv,3.623,67143.087,10,20
CYS_dihedrals.csv,3.597,144084.633,15,3
CYS_dihedrals.csv,3.614,90097.194,15,10
CYS_dihedrals.csv,3.614,78510.653,15,20
LYS_dihedrals.csv,3.620,96431.107,7,3
LYS_dihedrals.csv,3.616,55840.021,7,10
LYS_dihedrals.csv,3.624,53429.094,7,20
LYS_dihedrals.csv,3.604,115496.668,10,3
LYS_dihedrals.csv,3.615,67622.869,10,10
LYS_dihedrals.csv,3.630,59266.436,10,20
LYS_dihedrals.csv,2.926,128835.716,15,3
LYS_dihedrals.csv,2.883,80106.595,15,10
LYS_dihedrals.csv,2.873,71290.409,15,20
TYR_dihedrals.csv,2.869,100533.975,7,3
TYR_dihedrals.csv,2.874,58445.419,7,10
TYR_dihedrals.csv,2.877,58823.021,7,20
TYR_dihedrals.csv,2.864,127292.867,10,3
TYR_dihedrals.csv,2.870,70220.572,10,10
TYR_dihedrals.csv,2.872,62982.510,10,20
TYR_dihedrals.csv,2.858,143842.442,15,3
TYR_dihedrals.csv,2.865,90660.257,15,10
TYR_dihedrals.csv,2.871,77728.125,15,20
GLY_dihedrals.csv,2.860,128159.661,7,3
GLY_dihedrals.csv,2.875,74465.764,7,10
GLY_dihedrals.csv,2.865,71182.946,7,20
GLY_dihedrals.csv,2.863,162557.062,10,3
GLY_dihedrals.csv,2.860,94717.269,10,10
GLY_dihedrals.csv,2.861,71663.006,10,20
GLY_dihedrals.csv,2.859,182286.808,15,3
GLY_dihedrals.csv,2.851,115227.595,15,10
GLY_dihedrals.csv,2.857,111739.692,15,20
ALA_dihedrals.csv,2.864,81913.824,7,3
ALA_dihedrals.csv,2.860,50324.541,7,10
ALA_dihedrals.csv,2.857,46574.487,7,20
ALA_dihedrals.csv,2.851,103423.808,10,3
ALA_dihedrals.csv,2.864,57332.160,10,10
ALA_dihedrals.csv,2.850,51295.804,10,20
ALA_dihedrals.csv,2.851,115233.926,15,3
ALA_dihedrals.csv,2.859,70520.367,15,10
ALA_dihedrals.csv,2.860,73566.602,15,20
HIS_dihedrals.csv,2.856,108452.366,7,3
HIS_dihedrals.csv,2.861,66064.754,7,10
HIS_dihedrals.csv,2.862,55913.816,7,20
HIS_dihedrals.csv,2.857,132284.956,10,3
HIS_dihedrals.csv,2.858,71448.715,10,10
HIS_dihedrals.csv,2.857,70267.554,10,20
HIS_dihedrals.csv,2.855,152445.867,15,3
HIS_dihedrals.csv,2.859,90809.291,15,10
HIS_dihedrals.csv,2.859,87143.466,15,20
LEU_dihedrals.csv,2.854,83528.149,7,3
LEU_dihedrals.csv,2.857,47217.671,7,10
LEU_dihedrals.csv,2.852,48195.886,7,20
LEU_dihedrals.csv,2.847,106175.622,10,3
LEU_dihedrals.csv,2.861,59317.316,10,10
LEU_dihedrals.csv,2.853,54381.788,10,20
LEU_dihedrals.csv,2.848,119060.694,15,3
LEU_dihedrals.csv,2.864,72488.345,15,10
LEU_dihedrals.csv,2.858,63610.273,15,20
VAL_dihedrals.csv,2.858,85669.854,7,3
VAL_dihedrals.csv,2.852,50990.864,7,10
VAL_dihedrals.csv,2.862,48468.906,7,20
VAL_dihedrals.csv,2.852,104745.004,10,3
VAL_dihedrals.csv,2.862,58432.165,10,10
VAL_dihedrals.csv,2.858,54454.055,10,20
VAL_dihedrals.csv,2.841,117807.270,15,3
VAL_dihedrals.csv,2.858,75062.191,15,10
VAL_dihedrals.csv,2.860,76303.471,15,20
SER_dihedrals.csv,2.858,100795.926,7,3
SER_dihedrals.csv,2.858,65001.469,7,10
SER_dihedrals.csv,2.860,58622.206,7,20
SER_dihedrals.csv,2.856,125575.906,10,3
SER_dihedrals.csv,2.857,71546.404,10,10
SER_dihedrals.csv,2.859,66682.395,10,20
SER_dihedrals.csv,2.847,138695.790,15,3
SER_dihedrals.csv,2.851,94143.608,15,10
SER_dihedrals.csv,2.862,79533.587,15,20
PHE_dihedrals.csv,2.863,96316.201,7,3
PHE_dihedrals.csv,2.863,59608.737,7,10
PHE_dihedrals.csv,2.858,53940.943,7,20
PHE_dihedrals.csv,2.857,123751.555,10,3
PHE_dihedrals.csv,2.850,65925.912,10,10
PHE_dihedrals.csv,2.863,63301.239,10,20
PHE_dihedrals.csv,2.849,137310.481,15,3
PHE_dihedrals.csv,2.857,83817.722,15,10
PHE_dihedrals.csv,2.859,80729.188,15,20
GLN_dihedrals.csv,2.860,86621.368,7,3
GLN_dihedrals.csv,2.860,51520.338,7,10
GLN_dihedrals.csv,2.856,50004.201,7,20
GLN_dihedrals.csv,2.861,108480.558,10,3
GLN_dihedrals.csv,2.856,60680.294,10,10
GLN_dihedrals.csv,2.855,55649.953,10,20
GLN_dihedrals.csv,2.849,122258.723,15,3
GLN_dihedrals.csv,2.851,80565.466,15,10
GLN_dihedrals.csv,2.858,74597.995,15,20
GLU_dihedrals.csv,2.851,91277.543,7,3
GLU_dihedrals.csv,2.858,55335.236,7,10
GLU_dihedrals.csv,2.867,48355.702,7,20
GLU_dihedrals.csv,2.852,115081.012,10,3
GLU_dihedrals.csv,2.854,63995.084,10,10
GLU_dihedrals.csv,2.854,57699.910,10,20
GLU_dihedrals.csv,2.856,129646.431,15,3
GLU_dihedrals.csv,2.851,85367.458,15,10
GLU_dihedrals.csv,2.863,70056.851,15,20
ASP_dihedrals.csv,2.852,101615.211,7,3
ASP_dihedrals.csv,2.853,64750.846,7,10
ASP_dihedrals.csv,2.853,63828.565,7,20
ASP_dihedrals.csv,2.854,128365.236,10,3
ASP_dihedrals.csv,2.861,70839.716,10,10
ASP_dihedrals.csv,2.855,62899.846,10,20
ASP_dihedrals.csv,2.855,143763.630,15,3
ASP_dihedrals.csv,2.856,91187.010,15,10
ASP_dihedrals.csv,2.867,91756.396,15,20
MET_dihedrals.csv,2.855,84106.846,7,3
MET_dihedrals.csv,2.858,53061.198,7,10
MET_dihedrals.csv,2.855,49298.785,7,20
MET_dihedrals.csv,2.855,102081.061,10,3
MET_dihedrals.csv,2.862,61027.070,10,10
MET_dihedrals.csv,2.857,56003.568,10,20
MET_dihedrals.csv,2.866,116201.496,15,3
MET_dihedrals.csv,2.857,78487.170,15,10
MET_dihedrals.csv,2.861,73183.797,15,20
THR_dihedrals.csv,2.856,94506.609,7,3
THR_dihedrals.csv,2.860,63628.632,7,10
THR_dihedrals.csv,2.856,53710.649,7,20
THR_dihedrals.csv,2.850,116922.712,10,3
THR_dihedrals.csv,2.857,61949.330,10,10
THR_dihedrals.csv,2.853,60014.502,10,20
THR_dihedrals.csv,2.851,129513.520,15,3
THR_dihedrals.csv,2.855,86872.792,15,10
THR_dihedrals.csv,2.852,75842.532,15,20
TRP_dihedrals.csv,2.852,92080.566,7,3
TRP_dihedrals.csv,2.861,59822.317,7,10
TRP_dihedrals.csv,2.865,54485.147,7,20
TRP_dihedrals.csv,2.854,118679.605,10,3
TRP_dihedrals.csv,2.854,62170.052,10,10
TRP_dihedrals.csv,2.851,61584.968,10,20
TRP_dihedrals.csv,2.848,131766.900,15,3
TRP_dihedrals.csv,2.861,84377.856,15,10
TRP_dihedrals.csv,2.852,76300.228,15,20
